{"count":1,"self":284.53219839999997,"total":546.67474129999994,"children":{"InitializeActuators":{"count":1,"self":0.0009999,"total":0.0009999,"children":null},"InitializeSensors":{"count":1,"self":0.0010000999999999999,"total":0.0010000999999999999,"children":null},"AgentSendState":{"count":546289,"self":0.649872,"total":1.1988642999999999,"children":{"CollectObservations":{"count":111288,"self":0.074997899999999992,"total":0.074997899999999992,"children":null},"WriteActionMask":{"count":111288,"self":0.0239955,"total":0.0239955,"children":null},"RequestDecision":{"count":111288,"self":0.061004199999999995,"total":0.4499989,"children":{"AgentInfo.ToProto":{"count":111288,"self":0.1560056,"total":0.38899469999999997,"children":{"GenerateSensorData":{"count":111288,"self":0.23298909999999998,"total":0.23298909999999998,"children":null}}}}}}},"DecideAction":{"count":546289,"self":258.35791359999996,"total":258.35792499999997,"children":null},"AgentAct":{"count":546289,"self":2.5387584,"total":2.5787533,"children":{"AgentInfo.ToProto":{"count":5000,"self":0.0139952,"total":0.0399949,"children":{"GenerateSensorData":{"count":5000,"self":0.025999699999999997,"total":0.025999699999999997,"children":null}}}}}},"gauges":{"3DBall.CumulativeReward":{"count":5000,"max":8.900002,"min":-0.0999999046,"runningAverage":1.205259,"value":0.3000002,"weightedAverage":1.51085794}},"metadata":{"timer_format_version":"0.1.0","start_time_seconds":"1655995414","unity_version":"2021.3.4f1","command_line_arguments":"C:\\Users\\llhoc\\Desktop\\asp-praktikum\\Autonome-Systeme-Praktikum\\unity-env\\3DEllipsoid1-Bouncy\\asp.exe -nographics -batchmode --mlagents-port 5005","communication_protocol_version":"1.5.0","com.unity.ml-agents_version":"2.2.1-exp.1","scene_name":"3DBall 1 Extended","end_time_seconds":"1655995960"}}