{"count":1,"self":26.246534399999998,"total":70.920913099999993,"children":{"InitializeActuators":{"count":1,"self":0.0019944999999999997,"total":0.0019944999999999997,"children":null},"InitializeSensors":{"count":1,"self":0.0019944999999999997,"total":0.0019944999999999997,"children":null},"AgentSendState":{"count":63665,"self":0.21541249999999998,"total":0.5115734,"children":{"CollectObservations":{"count":12940,"self":0.050860699999999995,"total":0.050860699999999995,"children":null},"WriteActionMask":{"count":12940,"self":0.014952,"total":0.014952,"children":null},"RequestDecision":{"count":12940,"self":0.0378935,"total":0.2303482,"children":{"AgentInfo.ToProto":{"count":12940,"self":0.0657971,"total":0.19245469999999998,"children":{"GenerateSensorData":{"count":12940,"self":0.12665759999999998,"total":0.12665759999999998,"children":null}}}}}}},"DecideAction":{"count":63665,"self":43.536099199999995,"total":43.5360981,"children":null},"AgentAct":{"count":63665,"self":0.6127482,"total":0.6197265,"children":{"AgentInfo.ToProto":{"count":500,"self":0.0049838999999999994,"total":0.0069783,"children":{"GenerateSensorData":{"count":500,"self":0.0019944,"total":0.0019944,"children":null}}}}}},"gauges":{"3DBall.CumulativeReward":{"count":500,"max":6.09999561,"min":0.100000165,"runningAverage":1.56660008,"value":1.39999974,"weightedAverage":1.48126626}},"metadata":{"timer_format_version":"0.1.0","start_time_seconds":"1655751071","unity_version":"2021.3.4f1","command_line_arguments":"C:\\Users\\Kathi\\Desktop\\Autonome Systeme\\Autonome-Systeme-Praktikum\\unity-env\\3DEllipsoid1-Bouncy\\asp.exe -nographics -batchmode --mlagents-port 5005","communication_protocol_version":"1.5.0","com.unity.ml-agents_version":"2.2.1-exp.1","scene_name":"3DBall 1 Extended","end_time_seconds":"1655751141"}}