{"count":1,"self":3654.0420096,"total":5057.1804856,"children":{"InitializeActuators":{"count":1,"self":0.0010022,"total":0.0010022,"children":null},"InitializeSensors":{"count":1,"self":0.0020020999999999997,"total":0.0020020999999999997,"children":null},"AgentSendState":{"count":5003416,"self":5.7192776,"total":14.5376806,"children":{"CollectObservations":{"count":1003158,"self":1.4908649999999999,"total":1.4908649999999999,"children":null},"WriteActionMask":{"count":1003158,"self":0.3869222,"total":0.3869222,"children":null},"RequestDecision":{"count":1003158,"self":1.6377769,"total":6.9406158,"children":{"AgentInfo.ToProto":{"count":1003158,"self":2.0403366,"total":5.3028388999999994,"children":{"GenerateSensorData":{"count":1003158,"self":3.2625024,"total":3.2625023,"children":null}}}}}}},"DecideAction":{"count":5003416,"self":1370.7593728,"total":1370.7594126,"children":null},"AgentAct":{"count":5003416,"self":17.798503999999998,"total":17.836325,"children":{"AgentInfo.ToProto":{"count":5440,"self":0.013131499999999999,"total":0.0378215,"children":{"GenerateSensorData":{"count":5440,"self":0.02469,"total":0.02469,"children":null}}}}}},"gauges":{"3DBall.CumulativeReward":{"count":5440,"max":100.099045,"min":-0.49999997,"runningAverage":17.5551243,"value":1.59999967,"weightedAverage":41.8750267}},"metadata":{"timer_format_version":"0.1.0","start_time_seconds":"1655404018","unity_version":"2021.3.4f1","command_line_arguments":"C:\\Users\\llhoc\\Desktop\\asp-praktikum\\Autonome-Systeme-Praktikum\\unity-env\\3DEllipsoid1-Bouncy\\asp.exe -nographics -batchmode --mlagents-port 5005","communication_protocol_version":"1.5.0","com.unity.ml-agents_version":"2.2.1-exp.1","scene_name":"3DBall 1 Extended","end_time_seconds":"1655409075"}}