{"count":1,"self":1.0843641,"total":7.9335901999999994,"children":{"InitializeActuators":{"count":1,"self":0.00099629999999999988,"total":0.00099629999999999988,"children":null},"InitializeSensors":{"count":1,"self":0.000997,"total":0.000997,"children":null},"AgentSendState":{"count":2473,"self":0.0109711,"total":0.030888099999999998,"children":{"CollectObservations":{"count":511,"self":0.0019925999999999998,"total":0.0019925999999999998,"children":null},"WriteActionMask":{"count":511,"self":0.0009969,"total":0.0009969,"children":null},"RequestDecision":{"count":511,"self":0.002979,"total":0.016927499999999998,"children":{"AgentInfo.ToProto":{"count":511,"self":0.0039759,"total":0.013948499999999999,"children":{"GenerateSensorData":{"count":511,"self":0.0099726,"total":0.0099726,"children":null}}}}}}},"DecideAction":{"count":2473,"self":6.7934296,"total":6.7934299,"children":null},"AgentAct":{"count":2473,"self":0.0189242,"total":0.019921599999999998,"children":{"AgentInfo.ToProto":{"count":28,"self":0,"total":0.00099739999999999985,"children":{"GenerateSensorData":{"count":28,"self":0.00099739999999999985,"total":0.00099739999999999985,"children":null}}}}}},"gauges":{"3DBall.CumulativeReward":{"count":28,"max":2.69999862,"min":1.41561031E-07,"runningAverage":0.771428645,"value":1.89999938,"weightedAverage":0.9776418}},"metadata":{"timer_format_version":"0.1.0","start_time_seconds":"1655734322","unity_version":"2021.3.4f1","command_line_arguments":"C:\\Users\\Kathi\\Desktop\\Autonome Systeme\\Autonome-Systeme-Praktikum\\unity-env\\3DEllipsoid1-Bouncy\\asp.exe -nographics -batchmode --mlagents-port 5005","communication_protocol_version":"1.5.0","com.unity.ml-agents_version":"2.2.1-exp.1","scene_name":"3DBall 1 Extended","end_time_seconds":"1655734330"}}