{"count":1,"self":53.9188544,"total":93.0760056,"children":{"InitializeActuators":{"count":1,"self":0.0010000999999999999,"total":0.0010000999999999999,"children":null},"InitializeSensors":{"count":1,"self":0.0010004,"total":0.0010004,"children":null},"AgentSendState":{"count":92378,"self":0.0809916,"total":0.1300103,"children":{"CollectObservations":{"count":18869,"self":0.0020009999999999997,"total":0.0020009999999999997,"children":null},"WriteActionMask":{"count":18869,"self":0.0019987,"total":0.0019987,"children":null},"RequestDecision":{"count":18869,"self":0.0100092,"total":0.045018999999999997,"children":{"AgentInfo.ToProto":{"count":18869,"self":0.006997,"total":0.0350098,"children":{"GenerateSensorData":{"count":18869,"self":0.028012799999999997,"total":0.028012799999999997,"children":null}}}}}}},"DecideAction":{"count":92378,"self":38.6511552,"total":38.6511557,"children":null},"AgentAct":{"count":92378,"self":0.36098199999999997,"total":0.3709841,"children":{"AgentInfo.ToProto":{"count":1000,"self":0.0060035999999999996,"total":0.0100021,"children":{"GenerateSensorData":{"count":1000,"self":0.0039984999999999995,"total":0.0039984999999999995,"children":null}}}}}},"gauges":{"3DBall.CumulativeReward":{"count":1000,"max":3.699998,"min":0.100000143,"runningAverage":0.867400169,"value":1.79999948,"weightedAverage":1.222229}},"metadata":{"timer_format_version":"0.1.0","start_time_seconds":"1656104618","unity_version":"2021.3.4f1","command_line_arguments":"C:\\Users\\llhoc\\Desktop\\asp-praktikum\\Autonome-Systeme-Praktikum\\unity-env\\3DBall1\\asp.exe -nographics -batchmode --mlagents-port 5005","communication_protocol_version":"1.5.0","com.unity.ml-agents_version":"2.2.1-exp.1","scene_name":"3DBall 1","end_time_seconds":"1656104711"}}