{"count":1,"self":1166.603776,"total":3556.8525492999997,"children":{"InitializeActuators":{"count":1,"self":0.0009998,"total":0.0009998,"children":null},"InitializeSensors":{"count":1,"self":0.001,"total":0.001,"children":null},"AgentSendState":{"count":3556145,"self":4.4703159999999995,"total":11.535600899999999,"children":{"CollectObservations":{"count":731211,"self":1.1784468,"total":1.1784468,"children":null},"WriteActionMask":{"count":731211,"self":0.358166,"total":0.358166,"children":null},"RequestDecision":{"count":731211,"self":0.85121499999999994,"total":5.5286722999999993,"children":{"AgentInfo.ToProto":{"count":731211,"self":1.664439,"total":4.6774572999999995,"children":{"GenerateSensorData":{"count":731211,"self":3.0130184,"total":3.0130182999999997,"children":null}}}}}}},"DecideAction":{"count":3556145,"self":2366.4369664,"total":2366.4369409,"children":null},"AgentAct":{"count":3556145,"self":12.0102392,"total":12.272272899999999,"children":{"AgentInfo.ToProto":{"count":50000,"self":0.0890057,"total":0.262034,"children":{"GenerateSensorData":{"count":50000,"self":0.1730283,"total":0.1730283,"children":null}}}}}},"gauges":{"3DBall.CumulativeReward":{"count":50000,"max":2.199999,"min":-0.09999988,"runningAverage":0.442755461,"value":0.2000002,"weightedAverage":0.4085556}},"metadata":{"timer_format_version":"0.1.0","start_time_seconds":"1655982821","unity_version":"2021.3.4f1","command_line_arguments":"C:\\Users\\llhoc\\Desktop\\asp-praktikum\\Autonome-Systeme-Praktikum\\unity-env\\3DBall1\\asp.exe -nographics -batchmode --mlagents-port 5005","communication_protocol_version":"1.5.0","com.unity.ml-agents_version":"2.2.1-exp.1","scene_name":"3DBall 1","end_time_seconds":"1655986378"}}