{"count":1,"self":83.3858176,"total":219.3148751,"children":{"InitializeActuators":{"count":1,"self":0.0009971,"total":0.0009971,"children":null},"InitializeSensors":{"count":1,"self":0.00099739999999999985,"total":0.00099739999999999985,"children":null},"AgentSendState":{"count":217644,"self":0.73643589999999992,"total":1.9443960999999998,"children":{"CollectObservations":{"count":44594,"self":0.2004436,"total":0.2004436,"children":null},"WriteActionMask":{"count":44594,"self":0.0563563,"total":0.0563563,"children":null},"RequestDecision":{"count":44594,"self":0.1361513,"total":0.9511603,"children":{"AgentInfo.ToProto":{"count":44594,"self":0.29172359999999997,"total":0.815009,"children":{"GenerateSensorData":{"count":44594,"self":0.5232854,"total":0.5232854,"children":null}}}}}}},"DecideAction":{"count":217644,"self":132.0019072,"total":132.0019135,"children":null},"AgentAct":{"count":217644,"self":1.9321051999999999,"total":1.9767664999999999,"children":{"AgentInfo.ToProto":{"count":2716,"self":0.013733599999999999,"total":0.0446614,"children":{"GenerateSensorData":{"count":2716,"self":0.0309278,"total":0.0309278,"children":null}}}}}},"gauges":{"3DBall.CumulativeReward":{"count":2716,"max":3.599998,"min":0.100000143,"runningAverage":0.6225709,"value":0.8000003,"weightedAverage":0.689268231}},"metadata":{"timer_format_version":"0.1.0","start_time_seconds":"1655747483","unity_version":"2021.3.4f1","command_line_arguments":"C:\\Users\\Kathi\\Desktop\\Autonome Systeme\\Autonome-Systeme-Praktikum\\unity-env\\3DBall1\\asp.exe -nographics -batchmode --mlagents-port 5005","communication_protocol_version":"1.5.0","com.unity.ml-agents_version":"2.2.1-exp.1","scene_name":"3DBall 1","end_time_seconds":"1655747702"}}