{"count":1,"self":739.494144,"total":7678.8063752,"children":{"InitializeActuators":{"count":12,"self":0.0010023,"total":0.0010023,"children":null},"InitializeSensors":{"count":12,"self":0.0010008,"total":0.0010008,"children":null},"AgentSendState":{"count":2885597,"self":19.6383328,"total":87.745143,"children":{"CollectObservations":{"count":7121508,"self":11.661488799999999,"total":11.6614886,"children":null},"WriteActionMask":{"count":7121508,"self":3.7232824,"total":3.7232825999999997,"children":null},"RequestDecision":{"count":7121508,"self":10.6965792,"total":52.7220398,"children":{"AgentInfo.ToProto":{"count":7121508,"self":14.7435408,"total":42.025460699999996,"children":{"GenerateSensorData":{"count":7121508,"self":27.28192,"total":27.281920399999997,"children":null}}}}}}},"DecideAction":{"count":2885597,"self":6762.7798527999994,"total":6762.7799074999994,"children":null},"AgentAct":{"count":2885597,"self":88.0852736,"total":88.7821938,"children":{"AgentInfo.ToProto":{"count":69506,"self":0.2749679,"total":0.6969206,"children":{"GenerateSensorData":{"count":69506,"self":0.42195269999999996,"total":0.42195269999999996,"children":null}}}}}},"gauges":{"3DBall.CumulativeReward":{"count":69506,"max":99.59904,"min":-0.1999999,"runningAverage":9.227467,"value":2.199999,"weightedAverage":2.03219652}},"metadata":{"timer_format_version":"0.1.0","start_time_seconds":"1655824639","unity_version":"2021.3.4f1","command_line_arguments":"C:\\Users\\llhoc\\Desktop\\asp-praktikum\\Autonome-Systeme-Praktikum\\unity-env\\3DBall12\\asp.exe -nographics -batchmode --mlagents-port 5005","communication_protocol_version":"1.5.0","com.unity.ml-agents_version":"2.2.1-exp.1","scene_name":"3DBall_Rewired","end_time_seconds":"1655832318"}}