{"count":1,"self":320.30914559999997,"total":2135.366997,"children":{"InitializeActuators":{"count":12,"self":0.0020025999999999998,"total":0.0020025999999999998,"children":null},"InitializeSensors":{"count":12,"self":0.0010022,"total":0.0010022,"children":null},"AgentSendState":{"count":1180758,"self":7.8647664,"total":34.0574916,"children":{"CollectObservations":{"count":2881728,"self":4.3778584,"total":4.3778583,"children":null},"WriteActionMask":{"count":2881728,"self":1.5885666999999999,"total":1.5885666999999999,"children":null},"RequestDecision":{"count":2881728,"self":4.231824,"total":20.2262999,"children":{"AgentInfo.ToProto":{"count":2881728,"self":5.5638776,"total":15.9944759,"children":{"GenerateSensorData":{"count":2881728,"self":10.4305984,"total":10.4305985,"children":null}}}}}}},"DecideAction":{"count":1180758,"self":1741.1084288,"total":1741.1083747999999,"children":null},"AgentAct":{"count":1180758,"self":38.7721344,"total":39.885991399999995,"children":{"AgentInfo.ToProto":{"count":120624,"self":0.38290199999999996,"total":1.1138561999999999,"children":{"GenerateSensorData":{"count":120624,"self":0.7309542,"total":0.7309542,"children":null}}}}}},"gauges":{"3DBall.CumulativeReward":{"count":120624,"max":4.499997,"min":-0.1999999,"runningAverage":1.36888957,"value":0.8000003,"weightedAverage":1.74141335}},"metadata":{"timer_format_version":"0.1.0","start_time_seconds":"1656147590","unity_version":"2021.3.4f1","command_line_arguments":"C:\\Users\\llhoc\\Desktop\\asp-praktikum\\Autonome-Systeme-Praktikum\\unity-env\\3DBall12\\asp.exe -nographics -batchmode --mlagents-port 5005","communication_protocol_version":"1.5.0","com.unity.ml-agents_version":"2.2.1-exp.1","scene_name":"3DBall_Rewired","end_time_seconds":"1656149725"}}