{"count":1,"self":3.9293639999999996,"total":18.721816999999998,"children":{"InitializeActuators":{"count":1,"self":0.0030859999999999998,"total":0.0030859999999999998,"children":null},"InitializeSensors":{"count":1,"self":0.0025199999999999997,"total":0.0025199999999999997,"children":null},"AgentSendState":{"count":10304,"self":0.04577,"total":0.141111,"children":{"CollectObservations":{"count":2101,"self":0.016267,"total":0.016267,"children":null},"WriteActionMask":{"count":2101,"self":0.002689,"total":0.002689,"children":null},"RequestDecision":{"count":2101,"self":0.012572999999999999,"total":0.076385,"children":{"AgentInfo.ToProto":{"count":2101,"self":0.017776999999999998,"total":0.063812,"children":{"GenerateSensorData":{"count":2101,"self":0.046035,"total":0.046035,"children":null}}}}}}},"DecideAction":{"count":10304,"self":14.4702304,"total":14.470229999999999,"children":null},"AgentAct":{"count":10304,"self":0.123583,"total":0.127072,"children":{"AgentInfo.ToProto":{"count":101,"self":0.00057699999999999993,"total":0.003489,"children":{"GenerateSensorData":{"count":101,"self":0.0029119999999999997,"total":0.0029119999999999997,"children":null}}}}}},"gauges":{"3DBall.CumulativeReward":{"count":101,"max":3.19999838,"min":1.41561031E-07,"runningAverage":1.03465319,"value":1.19999993,"weightedAverage":1.0085845}},"metadata":{"timer_format_version":"0.1.0","start_time_seconds":"1655736862","unity_version":"2021.3.4f1","command_line_arguments":"\/Users\/ilijanaspasojevic\/Desktop\/ASP\/Autonome-Systeme-Praktikum\/unity-env\/3DEllipsoid1-Bouncy.app\/Contents\/MacOS\/asp -nographics -batchmode --mlagents-port 5005","communication_protocol_version":"1.5.0","com.unity.ml-agents_version":"2.2.1-exp.1","scene_name":"3DBall 1 Extended","end_time_seconds":"1655736880"}}